rebalance_date,index_name,n_constituents_raw,n_available,n_used,dropped_tickers,point_in_time_flag,universe_turnover,constituents_at_t,benchmark_ticker
2020-01-31,NDX100,106,103,103,EXC:insufficient(87/252);META:insufficient(0/252);WTW:insufficient(55/252),True,0.0,"AAL,AAPL,ADBE,ADI,ADP,ADSK,ALGN,ALXN,AMAT,AMD,AMGN,AMZN,ANSS,ASML,ATVI,AVGO,BIDU,BIIB,BKNG,BMRN,CDNS,CDW,CERN,CHKP,CHTR,CMCSA,COST,CPRT,CSCO,CSGP,CSX,CTAS,CTSH,CTXS,DLTR,EA,EBAY,ENDP,EXPE,FAST,FISV,FOX,FOXA,GILD,GOOG,GOOGL,IDXX,ILMN,INCY,INTC,INTU,ISRG,JD,KHC,KLAC,LBTYA,LBTYK,LRCX,LULU,MAR,MCHP,MDLZ,MELI,MNST,MSFT,MU,MXIM,NFLX,NTAP,NTES,NVDA,NWSA,NXPI,ORLY,PAYX,PCAR,PEP,PYPL,QCOM,REGN,ROST,SBUX,SGEN,SIRI,SNPS,SPLK,SWKS,TCOM,TMUS,TSLA,TTWO,TXN,UAL,ULTA,VRSK,VRSN,VRTX,WBA,WDAY,WDC,WLTW,XEL,XLNX",QQQ
2020-02-28,NDX100,106,103,103,EXC:insufficient(106/252);META:insufficient(0/252);WTW:insufficient(36/252),True,0.0,"AAL,AAPL,ADBE,ADI,ADP,ADSK,ALGN,ALXN,AMAT,AMD,AMGN,AMZN,ANSS,ASML,ATVI,AVGO,BIDU,BIIB,BKNG,BMRN,CDNS,CDW,CERN,CHKP,CHTR,CMCSA,COST,CPRT,CSCO,CSGP,CSX,CTAS,CTSH,CTXS,DLTR,EA,EBAY,ENDP,EXPE,FAST,FISV,FOX,FOXA,GILD,GOOG,GOOGL,IDXX,ILMN,INCY,INTC,INTU,ISRG,JD,KHC,KLAC,LBTYA,LBTYK,LRCX,LULU,MAR,MCHP,MDLZ,MELI,MNST,MSFT,MU,MXIM,NFLX,NTAP,NTES,NVDA,NWSA,NXPI,ORLY,PAYX,PCAR,PEP,PYPL,QCOM,REGN,ROST,SBUX,SGEN,SIRI,SNPS,SPLK,SWKS,TCOM,TMUS,TSLA,TTWO,TXN,UAL,ULTA,VRSK,VRSN,VRTX,WBA,WDAY,WDC,WLTW,XEL,XLNX",QQQ
2020-03-31,NDX100,106,103,103,EXC:insufficient(128/252);META:insufficient(0/252);WTW:insufficient(14/252),True,0.0,"AAL,AAPL,ADBE,ADI,ADP,ADSK,ALGN,ALXN,AMAT,AMD,AMGN,AMZN,ANSS,ASML,ATVI,AVGO,BIDU,BIIB,BKNG,BMRN,CDNS,CDW,CERN,CHKP,CHTR,CMCSA,COST,CPRT,CSCO,CSGP,CSX,CTAS,CTSH,CTXS,DLTR,EA,EBAY,ENDP,EXPE,FAST,FISV,FOX,FOXA,GILD,GOOG,GOOGL,IDXX,ILMN,INCY,INTC,INTU,ISRG,JD,KHC,KLAC,LBTYA,LBTYK,LRCX,LULU,MAR,MCHP,MDLZ,MELI,MNST,MSFT,MU,MXIM,NFLX,NTAP,NTES,NVDA,NWSA,NXPI,ORLY,PAYX,PCAR,PEP,PYPL,QCOM,REGN,ROST,SBUX,SGEN,SIRI,SNPS,SPLK,SWKS,TCOM,TMUS,TSLA,TTWO,TXN,UAL,ULTA,VRSK,VRSN,VRTX,WBA,WDAY,WDC,WLTW,XEL,XLNX",QQQ
2020-04-30,NDX100,106,104,104,EXC:insufficient(149/252);META:insufficient(0/252),True,0.02857142857142858,"AAPL,ADBE,ADI,ADP,ADSK,ALGN,ALXN,AMAT,AMD,AMGN,AMZN,ANSS,ASML,ATVI,AVGO,BIDU,BIIB,BKNG,BMRN,CDNS,CDW,CERN,CHKP,CHTR,CMCSA,COST,CPRT,CSCO,CSGP,CSX,CTAS,CTSH,CTXS,DLTR,DXCM,EA,EBAY,ENDP,EXPE,FAST,FISV,FOX,FOXA,GILD,GOOG,GOOGL,IDXX,ILMN,INCY,INTC,INTU,ISRG,JD,KHC,KLAC,LBTYA,LBTYK,LRCX,LULU,MAR,MCHP,MDLZ,MELI,MNST,MSFT,MU,MXIM,NFLX,NTAP,NTES,NVDA,NWSA,NXPI,ORLY,PAYX,PCAR,PEP,PYPL,QCOM,REGN,ROST,SBUX,SGEN,SIRI,SNPS,SPLK,SWKS,TCOM,TMUS,TSLA,TTWO,TXN,UAL,ULTA,VRSK,VRSN,VRTX,WBA,WDAY,WDC,WLTW,XEL,XLNX,ZM",QQQ
2020-05-29,NDX100,106,104,104,EXC:insufficient(169/252);META:insufficient(0/252),True,0.0,"AAPL,ADBE,ADI,ADP,ADSK,ALGN,ALXN,AMAT,AMD,AMGN,AMZN,ANSS,ASML,ATVI,AVGO,BIDU,BIIB,BKNG,BMRN,CDNS,CDW,CERN,CHKP,CHTR,CMCSA,COST,CPRT,CSCO,CSGP,CSX,CTAS,CTSH,CTXS,DLTR,DXCM,EA,EBAY,ENDP,EXPE,FAST,FISV,FOX,FOXA,GILD,GOOG,GOOGL,IDXX,ILMN,INCY,INTC,INTU,ISRG,JD,KHC,KLAC,LBTYA,LBTYK,LRCX,LULU,MAR,MCHP,MDLZ,MELI,MNST,MSFT,MU,MXIM,NFLX,NTAP,NTES,NVDA,NWSA,NXPI,ORLY,PAYX,PCAR,PEP,PYPL,QCOM,REGN,ROST,SBUX,SGEN,SIRI,SNPS,SPLK,SWKS,TCOM,TMUS,TSLA,TTWO,TXN,UAL,ULTA,VRSK,VRSN,VRTX,WBA,WDAY,WDC,WLTW,XEL,XLNX,ZM",QQQ
2020-06-30,NDX100,106,104,104,EXC:insufficient(191/252);META:insufficient(0/252),True,0.01904761904761909,"AAPL,ADBE,ADI,ADP,ADSK,ALGN,ALXN,AMAT,AMD,AMGN,AMZN,ANSS,ASML,ATVI,AVGO,BIDU,BIIB,BKNG,BMRN,CDNS,CDW,CERN,CHKP,CHTR,CMCSA,COST,CPRT,CSCO,CSGP,CSX,CTAS,CTSH,CTXS,DLTR,DOCU,DXCM,EA,EBAY,ENDP,EXPE,FAST,FISV,FOX,FOXA,GILD,GOOG,GOOGL,IDXX,ILMN,INCY,INTC,INTU,ISRG,JD,KHC,KLAC,LBTYA,LBTYK,LRCX,LULU,MAR,MCHP,MDLZ,MELI,MNST,MSFT,MU,MXIM,NFLX,NTAP,NTES,NVDA,NWSA,NXPI,ORLY,PAYX,PCAR,PEP,PYPL,QCOM,REGN,ROST,SBUX,SGEN,SIRI,SNPS,SPLK,SWKS,TCOM,TMUS,TSLA,TTWO,TXN,ULTA,VRSK,VRSN,VRTX,WBA,WDAY,WDC,WLTW,XEL,XLNX,ZM",QQQ
2020-07-31,NDX100,106,105,105,META:insufficient(0/252),True,0.028301886792452824,"AAPL,ADBE,ADI,ADP,ADSK,ALGN,ALXN,AMAT,AMD,AMGN,AMZN,ANSS,ASML,ATVI,AVGO,BIDU,BIIB,BKNG,BMRN,CDNS,CDW,CERN,CHKP,CHTR,CMCSA,COST,CPRT,CSCO,CSX,CTAS,CTSH,CTXS,DLTR,DOCU,DXCM,EA,EBAY,ENDP,EXC,EXPE,FAST,FISV,FOX,FOXA,GILD,GOOG,GOOGL,IDXX,ILMN,INCY,INTC,INTU,ISRG,JD,KHC,KLAC,LBTYA,LBTYK,LRCX,LULU,MAR,MCHP,MDLZ,MELI,MNST,MRNA,MSFT,MU,MXIM,NFLX,NTAP,NTES,NVDA,NWSA,NXPI,ORLY,PAYX,PCAR,PEP,PYPL,QCOM,REGN,ROST,SBUX,SGEN,SIRI,SNPS,SPLK,SWKS,TCOM,TMUS,TSLA,TTWO,TXN,ULTA,VRSK,VRSN,VRTX,WBA,WDAY,WDC,WLTW,XEL,XLNX,ZM",QQQ
2020-08-31,NDX100,106,105,105,META:insufficient(0/252),True,0.018867924528301883,"AAPL,ADBE,ADI,ADP,ADSK,ALGN,ALXN,AMAT,AMD,AMGN,AMZN,ANSS,ASML,ATVI,AVGO,BIDU,BIIB,BKNG,BMRN,CDNS,CDW,CERN,CHKP,CHTR,CMCSA,COST,CPRT,CSCO,CSX,CTAS,CTSH,CTXS,DLTR,DOCU,DXCM,EA,EBAY,ENDP,EXC,EXPE,FAST,FISV,FOX,FOXA,GILD,GOOG,GOOGL,IDXX,ILMN,INCY,INTC,INTU,ISRG,JD,KHC,KLAC,LBTYA,LBTYK,LRCX,LULU,MAR,MCHP,MDLZ,MELI,MNST,MRNA,MSFT,MU,MXIM,NFLX,NTES,NVDA,NWSA,NXPI,ORLY,PAYX,PCAR,PDD,PEP,PYPL,QCOM,REGN,ROST,SBUX,SGEN,SIRI,SNPS,SPLK,SWKS,TCOM,TMUS,TSLA,TTWO,TXN,ULTA,VRSK,VRSN,VRTX,WBA,WDAY,WDC,WLTW,XEL,XLNX,ZM",QQQ
2020-09-30,NDX100,106,105,105,META:insufficient(0/252),True,0.0,"AAPL,ADBE,ADI,ADP,ADSK,ALGN,ALXN,AMAT,AMD,AMGN,AMZN,ANSS,ASML,ATVI,AVGO,BIDU,BIIB,BKNG,BMRN,CDNS,CDW,CERN,CHKP,CHTR,CMCSA,COST,CPRT,CSCO,CSX,CTAS,CTSH,CTXS,DLTR,DOCU,DXCM,EA,EBAY,ENDP,EXC,EXPE,FAST,FISV,FOX,FOXA,GILD,GOOG,GOOGL,IDXX,ILMN,INCY,INTC,INTU,ISRG,JD,KHC,KLAC,LBTYA,LBTYK,LRCX,LULU,MAR,MCHP,MDLZ,MELI,MNST,MRNA,MSFT,MU,MXIM,NFLX,NTES,NVDA,NWSA,NXPI,ORLY,PAYX,PCAR,PDD,PEP,PYPL,QCOM,REGN,ROST,SBUX,SGEN,SIRI,SNPS,SPLK,SWKS,TCOM,TMUS,TSLA,TTWO,TXN,ULTA,VRSK,VRSN,VRTX,WBA,WDAY,WDC,WLTW,XEL,XLNX,ZM",QQQ
2020-10-30,NDX100,106,104,104,KDP:insufficient(28/252);META:insufficient(0/252),True,0.00952380952380949,"AAPL,ADBE,ADI,ADP,ADSK,ALGN,ALXN,AMAT,AMD,AMGN,AMZN,ANSS,ASML,ATVI,AVGO,BIDU,BIIB,BKNG,BMRN,CDNS,CDW,CERN,CHKP,CHTR,CMCSA,COST,CPRT,CSCO,CSX,CTAS,CTSH,CTXS,DLTR,DOCU,DXCM,EA,EBAY,ENDP,EXC,EXPE,FAST,FISV,FOX,FOXA,GILD,GOOG,GOOGL,IDXX,ILMN,INCY,INTC,INTU,ISRG,JD,KHC,KLAC,LBTYA,LBTYK,LRCX,LULU,MAR,MCHP,MDLZ,MELI,MNST,MRNA,MSFT,MU,MXIM,NFLX,NTES,NVDA,NWSA,NXPI,ORLY,PAYX,PCAR,PDD,PEP,PYPL,QCOM,REGN,ROST,SBUX,SGEN,SIRI,SNPS,SPLK,SWKS,TCOM,TMUS,TSLA,TTWO,TXN,ULTA,VRSK,VRSN,VRTX,WBA,WDAY,WLTW,XEL,XLNX,ZM",QQQ
2020-11-30,NDX100,106,104,104,KDP:insufficient(48/252);META:insufficient(0/252),True,0.0,"AAPL,ADBE,ADI,ADP,ADSK,ALGN,ALXN,AMAT,AMD,AMGN,AMZN,ANSS,ASML,ATVI,AVGO,BIDU,BIIB,BKNG,BMRN,CDNS,CDW,CERN,CHKP,CHTR,CMCSA,COST,CPRT,CSCO,CSX,CTAS,CTSH,CTXS,DLTR,DOCU,DXCM,EA,EBAY,ENDP,EXC,EXPE,FAST,FISV,FOX,FOXA,GILD,GOOG,GOOGL,IDXX,ILMN,INCY,INTC,INTU,ISRG,JD,KHC,KLAC,LBTYA,LBTYK,LRCX,LULU,MAR,MCHP,MDLZ,MELI,MNST,MRNA,MSFT,MU,MXIM,NFLX,NTES,NVDA,NWSA,NXPI,ORLY,PAYX,PCAR,PDD,PEP,PYPL,QCOM,REGN,ROST,SBUX,SGEN,SIRI,SNPS,SPLK,SWKS,TCOM,TMUS,TSLA,TTWO,TXN,ULTA,VRSK,VRSN,VRTX,WBA,WDAY,WLTW,XEL,XLNX,ZM",QQQ
2020-12-31,NDX100,105,102,102,AEP:insufficient(61/252);KDP:insufficient(70/252);META:insufficient(0/252),True,0.11009174311926606,"AAPL,ADBE,ADI,ADP,ADSK,ALGN,ALXN,AMAT,AMD,AMGN,AMZN,ANSS,ASML,ATVI,AVGO,BIDU,BIIB,BKNG,CDNS,CDW,CERN,CHKP,CHTR,CMCSA,COST,CPRT,CSCO,CSX,CTAS,CTSH,DLTR,DOCU,DXCM,EA,EBAY,ENDP,EXC,FAST,FISV,FOX,FOXA,GILD,GOOG,GOOGL,IDXX,ILMN,INCY,INTC,INTU,ISRG,JD,KHC,KLAC,LRCX,LULU,MAR,MCHP,MDLZ,MELI,MNST,MRNA,MRVL,MSFT,MTCH,MU,MXIM,NFLX,NTES,NVDA,NWSA,NXPI,OKTA,ORLY,PAYX,PCAR,PDD,PEP,PTON,PYPL,QCOM,REGN,ROST,SBUX,SGEN,SIRI,SNPS,SPLK,SWKS,TCOM,TEAM,TMUS,TSLA,TXN,VRSK,VRSN,VRTX,WBA,WDAY,WLTW,XEL,XLNX,ZM",QQQ
2021-01-29,NDX100,105,102,102,AEP:insufficient(80/252);KDP:insufficient(89/252);META:insufficient(0/252),True,0.0,"AAPL,ADBE,ADI,ADP,ADSK,ALGN,ALXN,AMAT,AMD,AMGN,AMZN,ANSS,ASML,ATVI,AVGO,BIDU,BIIB,BKNG,CDNS,CDW,CERN,CHKP,CHTR,CMCSA,COST,CPRT,CSCO,CSX,CTAS,CTSH,DLTR,DOCU,DXCM,EA,EBAY,ENDP,EXC,FAST,FISV,FOX,FOXA,GILD,GOOG,GOOGL,IDXX,ILMN,INCY,INTC,INTU,ISRG,JD,KHC,KLAC,LRCX,LULU,MAR,MCHP,MDLZ,MELI,MNST,MRNA,MRVL,MSFT,MTCH,MU,MXIM,NFLX,NTES,NVDA,NWSA,NXPI,OKTA,ORLY,PAYX,PCAR,PDD,PEP,PTON,PYPL,QCOM,REGN,ROST,SBUX,SGEN,SIRI,SNPS,SPLK,SWKS,TCOM,TEAM,TMUS,TSLA,TXN,VRSK,VRSN,VRTX,WBA,WDAY,WLTW,XEL,XLNX,ZM",QQQ
2021-02-26,NDX100,105,102,102,AEP:insufficient(99/252);KDP:insufficient(108/252);META:insufficient(0/252),True,0.0,"AAPL,ADBE,ADI,ADP,ADSK,ALGN,ALXN,AMAT,AMD,AMGN,AMZN,ANSS,ASML,ATVI,AVGO,BIDU,BIIB,BKNG,CDNS,CDW,CERN,CHKP,CHTR,CMCSA,COST,CPRT,CSCO,CSX,CTAS,CTSH,DLTR,DOCU,DXCM,EA,EBAY,ENDP,EXC,FAST,FISV,FOX,FOXA,GILD,GOOG,GOOGL,IDXX,ILMN,INCY,INTC,INTU,ISRG,JD,KHC,KLAC,LRCX,LULU,MAR,MCHP,MDLZ,MELI,MNST,MRNA,MRVL,MSFT,MTCH,MU,MXIM,NFLX,NTES,NVDA,NWSA,NXPI,OKTA,ORLY,PAYX,PCAR,PDD,PEP,PTON,PYPL,QCOM,REGN,ROST,SBUX,SGEN,SIRI,SNPS,SPLK,SWKS,TCOM,TEAM,TMUS,TSLA,TXN,VRSK,VRSN,VRTX,WBA,WDAY,WLTW,XEL,XLNX,ZM",QQQ
2021-03-31,NDX100,105,102,102,AEP:insufficient(122/252);KDP:insufficient(131/252);META:insufficient(0/252),True,0.0,"AAPL,ADBE,ADI,ADP,ADSK,ALGN,ALXN,AMAT,AMD,AMGN,AMZN,ANSS,ASML,ATVI,AVGO,BIDU,BIIB,BKNG,CDNS,CDW,CERN,CHKP,CHTR,CMCSA,COST,CPRT,CSCO,CSX,CTAS,CTSH,DLTR,DOCU,DXCM,EA,EBAY,ENDP,EXC,FAST,FISV,FOX,FOXA,GILD,GOOG,GOOGL,IDXX,ILMN,INCY,INTC,INTU,ISRG,JD,KHC,KLAC,LRCX,LULU,MAR,MCHP,MDLZ,MELI,MNST,MRNA,MRVL,MSFT,MTCH,MU,MXIM,NFLX,NTES,NVDA,NWSA,NXPI,OKTA,ORLY,PAYX,PCAR,PDD,PEP,PTON,PYPL,QCOM,REGN,ROST,SBUX,SGEN,SIRI,SNPS,SPLK,SWKS,TCOM,TEAM,TMUS,TSLA,TXN,VRSK,VRSN,VRTX,WBA,WDAY,WLTW,XEL,XLNX,ZM",QQQ
2021-04-30,NDX100,105,102,102,AEP:insufficient(143/252);KDP:insufficient(152/252);META:insufficient(0/252),True,0.0,"AAPL,ADBE,ADI,ADP,ADSK,ALGN,ALXN,AMAT,AMD,AMGN,AMZN,ANSS,ASML,ATVI,AVGO,BIDU,BIIB,BKNG,CDNS,CDW,CERN,CHKP,CHTR,CMCSA,COST,CPRT,CSCO,CSX,CTAS,CTSH,DLTR,DOCU,DXCM,EA,EBAY,ENDP,EXC,FAST,FISV,FOX,FOXA,GILD,GOOG,GOOGL,IDXX,ILMN,INCY,INTC,INTU,ISRG,JD,KHC,KLAC,LRCX,LULU,MAR,MCHP,MDLZ,MELI,MNST,MRNA,MRVL,MSFT,MTCH,MU,MXIM,NFLX,NTES,NVDA,NWSA,NXPI,OKTA,ORLY,PAYX,PCAR,PDD,PEP,PTON,PYPL,QCOM,REGN,ROST,SBUX,SGEN,SIRI,SNPS,SPLK,SWKS,TCOM,TEAM,TMUS,TSLA,TXN,VRSK,VRSN,VRTX,WBA,WDAY,WLTW,XEL,XLNX,ZM",QQQ
2021-05-28,NDX100,105,102,102,AEP:insufficient(163/252);KDP:insufficient(172/252);META:insufficient(0/252),True,0.0,"AAPL,ADBE,ADI,ADP,ADSK,ALGN,ALXN,AMAT,AMD,AMGN,AMZN,ANSS,ASML,ATVI,AVGO,BIDU,BIIB,BKNG,CDNS,CDW,CERN,CHKP,CHTR,CMCSA,COST,CPRT,CSCO,CSX,CTAS,CTSH,DLTR,DOCU,DXCM,EA,EBAY,ENDP,EXC,FAST,FISV,FOX,FOXA,GILD,GOOG,GOOGL,IDXX,ILMN,INCY,INTC,INTU,ISRG,JD,KHC,KLAC,LRCX,LULU,MAR,MCHP,MDLZ,MELI,MNST,MRNA,MRVL,MSFT,MTCH,MU,MXIM,NFLX,NTES,NVDA,NWSA,NXPI,OKTA,ORLY,PAYX,PCAR,PDD,PEP,PTON,PYPL,QCOM,REGN,ROST,SBUX,SGEN,SIRI,SNPS,SPLK,SWKS,TCOM,TEAM,TMUS,TSLA,TXN,VRSK,VRSN,VRTX,WBA,WDAY,WLTW,XEL,XLNX,ZM",QQQ
2021-06-30,NDX100,105,102,102,AEP:insufficient(185/252);KDP:insufficient(194/252);META:insufficient(0/252),True,0.0,"AAPL,ADBE,ADI,ADP,ADSK,ALGN,ALXN,AMAT,AMD,AMGN,AMZN,ANSS,ASML,ATVI,AVGO,BIDU,BIIB,BKNG,CDNS,CDW,CERN,CHKP,CHTR,CMCSA,COST,CPRT,CSCO,CSX,CTAS,CTSH,DLTR,DOCU,DXCM,EA,EBAY,ENDP,EXC,FAST,FISV,FOX,FOXA,GILD,GOOG,GOOGL,IDXX,ILMN,INCY,INTC,INTU,ISRG,JD,KHC,KLAC,LRCX,LULU,MAR,MCHP,MDLZ,MELI,MNST,MRNA,MRVL,MSFT,MTCH,MU,MXIM,NFLX,NTES,NVDA,NWSA,NXPI,OKTA,ORLY,PAYX,PCAR,PDD,PEP,PTON,PYPL,QCOM,REGN,ROST,SBUX,SGEN,SIRI,SNPS,SPLK,SWKS,TCOM,TEAM,TMUS,TSLA,TXN,VRSK,VRSN,VRTX,WBA,WDAY,WLTW,XEL,XLNX,ZM",QQQ
2021-07-30,NDX100,105,103,103,HON:insufficient(55/252);META:insufficient(0/252),True,0.028846153846153855,"AAPL,ADBE,ADI,ADP,ADSK,AEP,ALGN,AMAT,AMD,AMGN,AMZN,ANSS,ASML,ATVI,AVGO,BIDU,BIIB,BKNG,CDNS,CDW,CERN,CHKP,CHTR,CMCSA,COST,CPRT,CSCO,CSX,CTAS,CTSH,DLTR,DOCU,DXCM,EA,EBAY,ENDP,EXC,FAST,FISV,FOX,FOXA,GILD,GOOG,GOOGL,IDXX,ILMN,INCY,INTC,INTU,ISRG,JD,KDP,KHC,KLAC,LRCX,LULU,MAR,MCHP,MDLZ,MELI,MNST,MRNA,MRVL,MSFT,MTCH,MU,MXIM,NFLX,NTES,NVDA,NWSA,NXPI,OKTA,ORLY,PAYX,PCAR,PDD,PEP,PTON,PYPL,QCOM,REGN,ROST,SBUX,SGEN,SIRI,SNPS,SPLK,SWKS,TCOM,TEAM,TMUS,TSLA,TXN,VRSK,VRSN,VRTX,WBA,WDAY,WLTW,XEL,XLNX,ZM",QQQ
2021-08-31,NDX100,105,103,103,HON:insufficient(77/252);META:insufficient(0/252),True,0.019230769230769273,"AAPL,ADBE,ADI,ADP,ADSK,AEP,ALGN,AMAT,AMD,AMGN,AMZN,ANSS,ASML,ATVI,AVGO,BIDU,BIIB,BKNG,CDNS,CDW,CERN,CHKP,CHTR,CMCSA,COST,CPRT,CRWD,CSCO,CSX,CTAS,CTSH,DLTR,DOCU,DXCM,EA,EBAY,ENDP,EXC,FAST,FISV,FOX,FOXA,GILD,GOOG,GOOGL,IDXX,ILMN,INCY,INTC,INTU,ISRG,JD,KDP,KHC,KLAC,LRCX,LULU,MAR,MCHP,MDLZ,MELI,MNST,MRNA,MRVL,MSFT,MTCH,MU,NFLX,NTES,NVDA,NWSA,NXPI,OKTA,ORLY,PAYX,PCAR,PDD,PEP,PTON,PYPL,QCOM,REGN,ROST,SBUX,SGEN,SIRI,SNPS,SPLK,SWKS,TCOM,TEAM,TMUS,TSLA,TXN,VRSK,VRSN,VRTX,WBA,WDAY,WLTW,XEL,XLNX,ZM",QQQ
2021-09-30,NDX100,105,103,103,HON:insufficient(98/252);META:insufficient(0/252),True,0.0,"AAPL,ADBE,ADI,ADP,ADSK,AEP,ALGN,AMAT,AMD,AMGN,AMZN,ANSS,ASML,ATVI,AVGO,BIDU,BIIB,BKNG,CDNS,CDW,CERN,CHKP,CHTR,CMCSA,COST,CPRT,CRWD,CSCO,CSX,CTAS,CTSH,DLTR,DOCU,DXCM,EA,EBAY,ENDP,EXC,FAST,FISV,FOX,FOXA,GILD,GOOG,GOOGL,IDXX,ILMN,INCY,INTC,INTU,ISRG,JD,KDP,KHC,KLAC,LRCX,LULU,MAR,MCHP,MDLZ,MELI,MNST,MRNA,MRVL,MSFT,MTCH,MU,NFLX,NTES,NVDA,NWSA,NXPI,OKTA,ORLY,PAYX,PCAR,PDD,PEP,PTON,PYPL,QCOM,REGN,ROST,SBUX,SGEN,SIRI,SNPS,SPLK,SWKS,TCOM,TEAM,TMUS,TSLA,TXN,VRSK,VRSN,VRTX,WBA,WDAY,WLTW,XEL,XLNX,ZM",QQQ
2021-10-29,NDX100,105,103,103,HON:insufficient(119/252);META:insufficient(0/252),True,0.0,"AAPL,ADBE,ADI,ADP,ADSK,AEP,ALGN,AMAT,AMD,AMGN,AMZN,ANSS,ASML,ATVI,AVGO,BIDU,BIIB,BKNG,CDNS,CDW,CERN,CHKP,CHTR,CMCSA,COST,CPRT,CRWD,CSCO,CSX,CTAS,CTSH,DLTR,DOCU,DXCM,EA,EBAY,ENDP,EXC,FAST,FISV,FOX,FOXA,GILD,GOOG,GOOGL,IDXX,ILMN,INCY,INTC,INTU,ISRG,JD,KDP,KHC,KLAC,LRCX,LULU,MAR,MCHP,MDLZ,MELI,MNST,MRNA,MRVL,MSFT,MTCH,MU,NFLX,NTES,NVDA,NWSA,NXPI,OKTA,ORLY,PAYX,PCAR,PDD,PEP,PTON,PYPL,QCOM,REGN,ROST,SBUX,SGEN,SIRI,SNPS,SPLK,SWKS,TCOM,TEAM,TMUS,TSLA,TXN,VRSK,VRSN,VRTX,WBA,WDAY,WLTW,XEL,XLNX,ZM",QQQ
2021-11-30,NDX100,105,103,103,HON:insufficient(140/252);META:insufficient(0/252),True,0.0,"AAPL,ADBE,ADI,ADP,ADSK,AEP,ALGN,AMAT,AMD,AMGN,AMZN,ANSS,ASML,ATVI,AVGO,BIDU,BIIB,BKNG,CDNS,CDW,CERN,CHKP,CHTR,CMCSA,COST,CPRT,CRWD,CSCO,CSX,CTAS,CTSH,DLTR,DOCU,DXCM,EA,EBAY,ENDP,EXC,FAST,FISV,FOX,FOXA,GILD,GOOG,GOOGL,IDXX,ILMN,INCY,INTC,INTU,ISRG,JD,KDP,KHC,KLAC,LRCX,LULU,MAR,MCHP,MDLZ,MELI,MNST,MRNA,MRVL,MSFT,MTCH,MU,NFLX,NTES,NVDA,NWSA,NXPI,OKTA,ORLY,PAYX,PCAR,PDD,PEP,PTON,PYPL,QCOM,REGN,ROST,SBUX,SGEN,SIRI,SNPS,SPLK,SWKS,TCOM,TEAM,TMUS,TSLA,TXN,VRSK,VRSN,VRTX,WBA,WDAY,WLTW,XEL,XLNX,ZM",QQQ
2021-12-31,NDX100,104,100,100,HON:insufficient(162/252);LCID:insufficient(110/252);META:insufficient(0/252);PANW:insufficient(46/252),True,0.10280373831775702,"AAPL,ABNB,ADBE,ADI,ADP,ADSK,AEP,ALGN,AMAT,AMD,AMGN,AMZN,ANSS,ASML,ATVI,AVGO,BIDU,BIIB,BKNG,CDNS,CHTR,CMCSA,COST,CPRT,CRWD,CSCO,CSX,CTAS,CTSH,DDOG,DLTR,DOCU,DXCM,EA,EBAY,ENDP,EXC,FAST,FISV,FTNT,GILD,GOOG,GOOGL,IDXX,ILMN,INTC,INTU,ISRG,JD,KDP,KHC,KLAC,LRCX,LULU,MAR,MCHP,MDLZ,MELI,MNST,MRNA,MRVL,MSFT,MTCH,MU,NFLX,NTES,NVDA,NWSA,NXPI,OKTA,ORLY,PAYX,PCAR,PDD,PEP,PTON,PYPL,QCOM,REGN,ROST,SBUX,SGEN,SIRI,SNPS,SPLK,SWKS,TEAM,TMUS,TSLA,TXN,VRSK,VRSN,VRTX,WBA,WDAY,WLTW,XEL,XLNX,ZM,ZS",QQQ
2022-01-31,NDX100,104,100,100,HON:insufficient(182/252);LCID:insufficient(130/252);META:insufficient(0/252);PANW:insufficient(66/252),True,0.01980198019801982,"AAPL,ABNB,ADBE,ADI,ADP,ADSK,AEP,ALGN,AMAT,AMD,AMGN,AMZN,ANSS,ASML,ATVI,AVGO,BIDU,BIIB,BKNG,CDNS,CHTR,CMCSA,COST,CPRT,CRWD,CSCO,CSX,CTAS,CTSH,DDOG,DLTR,DOCU,DXCM,EA,EBAY,ENDP,EXC,FAST,FISV,FTNT,GILD,GOOG,GOOGL,IDXX,ILMN,INTC,INTU,ISRG,JD,KDP,KHC,KLAC,LRCX,LULU,MAR,MCHP,MDLZ,MELI,MNST,MRNA,MRVL,MSFT,MTCH,MU,NFLX,NTES,NVDA,NWSA,NXPI,ODFL,OKTA,ORLY,PAYX,PCAR,PDD,PEP,PYPL,QCOM,REGN,ROST,SBUX,SGEN,SIRI,SNPS,SPLK,SWKS,TEAM,TMUS,TSLA,TXN,VRSK,VRSN,VRTX,WBA,WDAY,WLTW,XEL,XLNX,ZM,ZS",QQQ
2022-02-28,NDX100,105,100,100,CEG:insufficient(16/252);HON:insufficient(201/252);LCID:insufficient(149/252);META:insufficient(0/252);PANW:insufficient(85/252),True,0.01980198019801982,"AAPL,ABNB,ADBE,ADI,ADP,ADSK,AEP,ALGN,AMAT,AMD,AMGN,AMZN,ANSS,ASML,ATVI,AVGO,AZN,BIDU,BIIB,BKNG,CDNS,CHTR,CMCSA,COST,CPRT,CRWD,CSCO,CSX,CTAS,CTSH,DDOG,DLTR,DOCU,DXCM,EA,EBAY,ENDP,EXC,FAST,FISV,FTNT,GILD,GOOG,GOOGL,IDXX,ILMN,INTC,INTU,ISRG,JD,KDP,KHC,KLAC,LRCX,LULU,MAR,MCHP,MDLZ,MELI,MNST,MRNA,MRVL,MSFT,MTCH,MU,NFLX,NTES,NVDA,NWSA,NXPI,ODFL,OKTA,ORLY,PAYX,PCAR,PDD,PEP,PYPL,QCOM,REGN,ROST,SBUX,SGEN,SIRI,SNPS,SPLK,SWKS,TEAM,TMUS,TSLA,TXN,VRSK,VRSN,VRTX,WBA,WDAY,WLTW,XEL,ZM,ZS",QQQ
2022-03-31,NDX100,105,100,100,CEG:insufficient(39/252);LCID:insufficient(172/252);META:insufficient(0/252);PANW:insufficient(108/252);WLTW:insufficient(196/252),True,0.01980198019801982,"AAPL,ABNB,ADBE,ADI,ADP,ADSK,AEP,ALGN,AMAT,AMD,AMGN,AMZN,ANSS,ASML,ATVI,AVGO,AZN,BIDU,BIIB,BKNG,CDNS,CHTR,CMCSA,COST,CPRT,CRWD,CSCO,CSX,CTAS,CTSH,DDOG,DLTR,DOCU,DXCM,EA,EBAY,ENDP,EXC,FAST,FISV,FTNT,GILD,GOOG,GOOGL,HON,IDXX,ILMN,INTC,INTU,ISRG,JD,KDP,KHC,KLAC,LRCX,LULU,MAR,MCHP,MDLZ,MELI,MNST,MRNA,MRVL,MSFT,MTCH,MU,NFLX,NTES,NVDA,NWSA,NXPI,ODFL,OKTA,ORLY,PAYX,PCAR,PDD,PEP,PYPL,QCOM,REGN,ROST,SBUX,SGEN,SIRI,SNPS,SPLK,SWKS,TEAM,TMUS,TSLA,TXN,VRSK,VRSN,VRTX,WBA,WDAY,XEL,ZM,ZS",QQQ
2022-04-29,NDX100,105,100,100,CEG:insufficient(59/252);LCID:insufficient(192/252);META:insufficient(0/252);PANW:insufficient(128/252);WLTW:insufficient(176/252),True,0.0,"AAPL,ABNB,ADBE,ADI,ADP,ADSK,AEP,ALGN,AMAT,AMD,AMGN,AMZN,ANSS,ASML,ATVI,AVGO,AZN,BIDU,BIIB,BKNG,CDNS,CHTR,CMCSA,COST,CPRT,CRWD,CSCO,CSX,CTAS,CTSH,DDOG,DLTR,DOCU,DXCM,EA,EBAY,ENDP,EXC,FAST,FISV,FTNT,GILD,GOOG,GOOGL,HON,IDXX,ILMN,INTC,INTU,ISRG,JD,KDP,KHC,KLAC,LRCX,LULU,MAR,MCHP,MDLZ,MELI,MNST,MRNA,MRVL,MSFT,MTCH,MU,NFLX,NTES,NVDA,NWSA,NXPI,ODFL,OKTA,ORLY,PAYX,PCAR,PDD,PEP,PYPL,QCOM,REGN,ROST,SBUX,SGEN,SIRI,SNPS,SPLK,SWKS,TEAM,TMUS,TSLA,TXN,VRSK,VRSN,VRTX,WBA,WDAY,XEL,ZM,ZS",QQQ
2022-05-31,NDX100,105,101,101,CEG:insufficient(80/252);META:insufficient(0/252);PANW:insufficient(149/252);WLTW:insufficient(155/252),True,0.00990099009900991,"AAPL,ABNB,ADBE,ADI,ADP,ADSK,AEP,ALGN,AMAT,AMD,AMGN,AMZN,ANSS,ASML,ATVI,AVGO,AZN,BIDU,BIIB,BKNG,CDNS,CHTR,CMCSA,COST,CPRT,CRWD,CSCO,CSX,CTAS,CTSH,DDOG,DLTR,DOCU,DXCM,EA,EBAY,ENDP,EXC,FAST,FISV,FTNT,GILD,GOOG,GOOGL,HON,IDXX,ILMN,INTC,INTU,ISRG,JD,KDP,KHC,KLAC,LCID,LRCX,LULU,MAR,MCHP,MDLZ,MELI,MNST,MRNA,MRVL,MSFT,MTCH,MU,NFLX,NTES,NVDA,NWSA,NXPI,ODFL,OKTA,ORLY,PAYX,PCAR,PDD,PEP,PYPL,QCOM,REGN,ROST,SBUX,SGEN,SIRI,SNPS,SPLK,SWKS,TEAM,TMUS,TSLA,TXN,VRSK,VRSN,VRTX,WBA,WDAY,XEL,ZM,ZS",QQQ
2022-06-30,NDX100,105,101,101,CEG:insufficient(101/252);META:insufficient(13/252);PANW:insufficient(170/252);WLTW:insufficient(134/252),True,0.0,"AAPL,ABNB,ADBE,ADI,ADP,ADSK,AEP,ALGN,AMAT,AMD,AMGN,AMZN,ANSS,ASML,ATVI,AVGO,AZN,BIDU,BIIB,BKNG,CDNS,CHTR,CMCSA,COST,CPRT,CRWD,CSCO,CSX,CTAS,CTSH,DDOG,DLTR,DOCU,DXCM,EA,EBAY,ENDP,EXC,FAST,FISV,FTNT,GILD,GOOG,GOOGL,HON,IDXX,ILMN,INTC,INTU,ISRG,JD,KDP,KHC,KLAC,LCID,LRCX,LULU,MAR,MCHP,MDLZ,MELI,MNST,MRNA,MRVL,MSFT,MTCH,MU,NFLX,NTES,NVDA,NWSA,NXPI,ODFL,OKTA,ORLY,PAYX,PCAR,PDD,PEP,PYPL,QCOM,REGN,ROST,SBUX,SGEN,SIRI,SNPS,SPLK,SWKS,TEAM,TMUS,TSLA,TXN,VRSK,VRSN,VRTX,WBA,WDAY,XEL,ZM,ZS",QQQ
2022-07-29,NDX100,105,101,101,CEG:insufficient(121/252);META:insufficient(33/252);PANW:insufficient(190/252);WLTW:insufficient(114/252),True,0.0,"AAPL,ABNB,ADBE,ADI,ADP,ADSK,AEP,ALGN,AMAT,AMD,AMGN,AMZN,ANSS,ASML,ATVI,AVGO,AZN,BIDU,BIIB,BKNG,CDNS,CHTR,CMCSA,COST,CPRT,CRWD,CSCO,CSX,CTAS,CTSH,DDOG,DLTR,DOCU,DXCM,EA,EBAY,ENDP,EXC,FAST,FISV,FTNT,GILD,GOOG,GOOGL,HON,IDXX,ILMN,INTC,INTU,ISRG,JD,KDP,KHC,KLAC,LCID,LRCX,LULU,MAR,MCHP,MDLZ,MELI,MNST,MRNA,MRVL,MSFT,MTCH,MU,NFLX,NTES,NVDA,NWSA,NXPI,ODFL,OKTA,ORLY,PAYX,PCAR,PDD,PEP,PYPL,QCOM,REGN,ROST,SBUX,SGEN,SIRI,SNPS,SPLK,SWKS,TEAM,TMUS,TSLA,TXN,VRSK,VRSN,VRTX,WBA,WDAY,XEL,ZM,ZS",QQQ
2022-08-31,NDX100,105,102,102,CEG:insufficient(144/252);META:insufficient(56/252);WLTW:insufficient(91/252),True,0.009803921568627416,"AAPL,ABNB,ADBE,ADI,ADP,ADSK,AEP,ALGN,AMAT,AMD,AMGN,AMZN,ANSS,ASML,ATVI,AVGO,AZN,BIDU,BIIB,BKNG,CDNS,CHTR,CMCSA,COST,CPRT,CRWD,CSCO,CSX,CTAS,CTSH,DDOG,DLTR,DOCU,DXCM,EA,EBAY,ENDP,EXC,FAST,FISV,FTNT,GILD,GOOG,GOOGL,HON,IDXX,ILMN,INTC,INTU,ISRG,JD,KDP,KHC,KLAC,LCID,LRCX,LULU,MAR,MCHP,MDLZ,MELI,MNST,MRNA,MRVL,MSFT,MTCH,MU,NFLX,NTES,NVDA,NWSA,NXPI,ODFL,OKTA,ORLY,PANW,PAYX,PCAR,PDD,PEP,PYPL,QCOM,REGN,ROST,SBUX,SGEN,SIRI,SNPS,SPLK,SWKS,TEAM,TMUS,TSLA,TXN,VRSK,VRSN,VRTX,WBA,WDAY,XEL,ZM,ZS",QQQ
2022-09-30,NDX100,105,102,102,CEG:insufficient(165/252);META:insufficient(77/252);WLTW:insufficient(70/252),True,0.0,"AAPL,ABNB,ADBE,ADI,ADP,ADSK,AEP,ALGN,AMAT,AMD,AMGN,AMZN,ANSS,ASML,ATVI,AVGO,AZN,BIDU,BIIB,BKNG,CDNS,CHTR,CMCSA,COST,CPRT,CRWD,CSCO,CSX,CTAS,CTSH,DDOG,DLTR,DOCU,DXCM,EA,EBAY,ENDP,EXC,FAST,FISV,FTNT,GILD,GOOG,GOOGL,HON,IDXX,ILMN,INTC,INTU,ISRG,JD,KDP,KHC,KLAC,LCID,LRCX,LULU,MAR,MCHP,MDLZ,MELI,MNST,MRNA,MRVL,MSFT,MTCH,MU,NFLX,NTES,NVDA,NWSA,NXPI,ODFL,OKTA,ORLY,PANW,PAYX,PCAR,PDD,PEP,PYPL,QCOM,REGN,ROST,SBUX,SGEN,SIRI,SNPS,SPLK,SWKS,TEAM,TMUS,TSLA,TXN,VRSK,VRSN,VRTX,WBA,WDAY,XEL,ZM,ZS",QQQ
2022-10-31,NDX100,105,102,102,CEG:insufficient(186/252);META:insufficient(98/252);WLTW:insufficient(49/252),True,0.0,"AAPL,ABNB,ADBE,ADI,ADP,ADSK,AEP,ALGN,AMAT,AMD,AMGN,AMZN,ANSS,ASML,ATVI,AVGO,AZN,BIDU,BIIB,BKNG,CDNS,CHTR,CMCSA,COST,CPRT,CRWD,CSCO,CSX,CTAS,CTSH,DDOG,DLTR,DOCU,DXCM,EA,EBAY,ENDP,EXC,FAST,FISV,FTNT,GILD,GOOG,GOOGL,HON,IDXX,ILMN,INTC,INTU,ISRG,JD,KDP,KHC,KLAC,LCID,LRCX,LULU,MAR,MCHP,MDLZ,MELI,MNST,MRNA,MRVL,MSFT,MTCH,MU,NFLX,NTES,NVDA,NWSA,NXPI,ODFL,OKTA,ORLY,PANW,PAYX,PCAR,PDD,PEP,PYPL,QCOM,REGN,ROST,SBUX,SGEN,SIRI,SNPS,SPLK,SWKS,TEAM,TMUS,TSLA,TXN,VRSK,VRSN,VRTX,WBA,WDAY,XEL,ZM,ZS",QQQ
2022-11-30,NDX100,105,102,102,ENDP:insufficient(186/252);META:insufficient(119/252);WLTW:insufficient(28/252),True,0.038461538461538436,"AAPL,ABNB,ADBE,ADI,ADP,ADSK,AEP,ALGN,AMAT,AMD,AMGN,AMZN,ANSS,ASML,ATVI,AVGO,AZN,BIDU,BIIB,BKNG,CDNS,CEG,CHTR,CMCSA,COST,CPRT,CRWD,CSCO,CSX,CTAS,CTSH,DDOG,DLTR,DOCU,DXCM,EA,EBAY,ENPH,EXC,FAST,FISV,FTNT,GILD,GOOG,GOOGL,HON,IDXX,ILMN,INTC,INTU,ISRG,JD,KDP,KHC,KLAC,LCID,LRCX,LULU,MAR,MCHP,MDLZ,MELI,MNST,MRNA,MRVL,MSFT,MTCH,MU,NFLX,NTES,NVDA,NWSA,NXPI,ODFL,ORLY,PANW,PAYX,PCAR,PDD,PEP,PYPL,QCOM,REGN,ROST,SBUX,SGEN,SIRI,SNPS,SPLK,SWKS,TEAM,TMUS,TSLA,TXN,VRSK,VRSN,VRTX,WBA,WDAY,XEL,ZM,ZS",QQQ
2022-12-30,NDX100,104,100,100,ENDP:insufficient(165/252);META:insufficient(140/252);WBD:insufficient(181/252);WLTW:insufficient(7/252),True,0.11214953271028039,"AAPL,ABNB,ADBE,ADI,ADP,ADSK,AEP,ALGN,AMAT,AMD,AMGN,AMZN,ANSS,ASML,ATVI,AVGO,AZN,BIIB,BKNG,BKR,CDNS,CEG,CHTR,CMCSA,COST,CPRT,CRWD,CSCO,CSGP,CSX,CTAS,CTSH,DDOG,DLTR,DXCM,EA,EBAY,ENPH,EXC,FANG,FAST,FISV,FTNT,GFS,GILD,GOOG,GOOGL,HON,IDXX,ILMN,INTC,INTU,ISRG,JD,KDP,KHC,KLAC,LCID,LRCX,LULU,MAR,MCHP,MDLZ,MELI,MNST,MRNA,MRVL,MSFT,MU,NFLX,NVDA,NWSA,NXPI,ODFL,ORLY,PANW,PAYX,PCAR,PDD,PEP,PYPL,QCOM,REGN,RIVN,ROST,SBUX,SGEN,SIRI,SNPS,TEAM,TMUS,TSLA,TXN,VRSK,VRTX,WBA,WDAY,XEL,ZM,ZS",QQQ
2023-01-31,NDX100,104,100,100,ENDP:insufficient(145/252);META:insufficient(160/252);WBD:insufficient(201/252);WLTW:insufficient(0/252),True,0.0,"AAPL,ABNB,ADBE,ADI,ADP,ADSK,AEP,ALGN,AMAT,AMD,AMGN,AMZN,ANSS,ASML,ATVI,AVGO,AZN,BIIB,BKNG,BKR,CDNS,CEG,CHTR,CMCSA,COST,CPRT,CRWD,CSCO,CSGP,CSX,CTAS,CTSH,DDOG,DLTR,DXCM,EA,EBAY,ENPH,EXC,FANG,FAST,FISV,FTNT,GFS,GILD,GOOG,GOOGL,HON,IDXX,ILMN,INTC,INTU,ISRG,JD,KDP,KHC,KLAC,LCID,LRCX,LULU,MAR,MCHP,MDLZ,MELI,MNST,MRNA,MRVL,MSFT,MU,NFLX,NVDA,NWSA,NXPI,ODFL,ORLY,PANW,PAYX,PCAR,PDD,PEP,PYPL,QCOM,REGN,RIVN,ROST,SBUX,SGEN,SIRI,SNPS,TEAM,TMUS,TSLA,TXN,VRSK,VRTX,WBA,WDAY,XEL,ZM,ZS",QQQ
2023-02-28,NDX100,104,101,101,ENDP:insufficient(126/252);META:insufficient(179/252);WLTW:insufficient(0/252),True,0.00990099009900991,"AAPL,ABNB,ADBE,ADI,ADP,ADSK,AEP,ALGN,AMAT,AMD,AMGN,AMZN,ANSS,ASML,ATVI,AVGO,AZN,BIIB,BKNG,BKR,CDNS,CEG,CHTR,CMCSA,COST,CPRT,CRWD,CSCO,CSGP,CSX,CTAS,CTSH,DDOG,DLTR,DXCM,EA,EBAY,ENPH,EXC,FANG,FAST,FISV,FTNT,GFS,GILD,GOOG,GOOGL,HON,IDXX,ILMN,INTC,INTU,ISRG,JD,KDP,KHC,KLAC,LCID,LRCX,LULU,MAR,MCHP,MDLZ,MELI,MNST,MRNA,MRVL,MSFT,MU,NFLX,NVDA,NWSA,NXPI,ODFL,ORLY,PANW,PAYX,PCAR,PDD,PEP,PYPL,QCOM,REGN,RIVN,ROST,SBUX,SGEN,SIRI,SNPS,TEAM,TMUS,TSLA,TXN,VRSK,VRTX,WBA,WBD,WDAY,XEL,ZM,ZS",QQQ
2023-03-31,NDX100,104,102,102,ENDP:insufficient(103/252);WLTW:insufficient(0/252),True,0.009803921568627416,"AAPL,ABNB,ADBE,ADI,ADP,ADSK,AEP,ALGN,AMAT,AMD,AMGN,AMZN,ANSS,ASML,ATVI,AVGO,AZN,BIIB,BKNG,BKR,CDNS,CEG,CHTR,CMCSA,COST,CPRT,CRWD,CSCO,CSGP,CSX,CTAS,CTSH,DDOG,DLTR,DXCM,EA,EBAY,ENPH,EXC,FANG,FAST,FISV,FTNT,GFS,GILD,GOOG,GOOGL,HON,IDXX,ILMN,INTC,INTU,ISRG,JD,KDP,KHC,KLAC,LCID,LRCX,LULU,MAR,MCHP,MDLZ,MELI,META,MNST,MRNA,MRVL,MSFT,MU,NFLX,NVDA,NWSA,NXPI,ODFL,ORLY,PANW,PAYX,PCAR,PDD,PEP,PYPL,QCOM,REGN,RIVN,ROST,SBUX,SGEN,SIRI,SNPS,TEAM,TMUS,TSLA,TXN,VRSK,VRTX,WBA,WBD,WDAY,XEL,ZM,ZS",QQQ
2023-04-28,NDX100,104,102,102,ENDP:insufficient(84/252);WLTW:insufficient(0/252),True,0.0,"AAPL,ABNB,ADBE,ADI,ADP,ADSK,AEP,ALGN,AMAT,AMD,AMGN,AMZN,ANSS,ASML,ATVI,AVGO,AZN,BIIB,BKNG,BKR,CDNS,CEG,CHTR,CMCSA,COST,CPRT,CRWD,CSCO,CSGP,CSX,CTAS,CTSH,DDOG,DLTR,DXCM,EA,EBAY,ENPH,EXC,FANG,FAST,FISV,FTNT,GFS,GILD,GOOG,GOOGL,HON,IDXX,ILMN,INTC,INTU,ISRG,JD,KDP,KHC,KLAC,LCID,LRCX,LULU,MAR,MCHP,MDLZ,MELI,META,MNST,MRNA,MRVL,MSFT,MU,NFLX,NVDA,NWSA,NXPI,ODFL,ORLY,PANW,PAYX,PCAR,PDD,PEP,PYPL,QCOM,REGN,RIVN,ROST,SBUX,SGEN,SIRI,SNPS,TEAM,TMUS,TSLA,TXN,VRSK,VRTX,WBA,WBD,WDAY,XEL,ZM,ZS",QQQ
2023-05-31,NDX100,104,102,102,ENDP:insufficient(62/252);WLTW:insufficient(0/252),True,0.0,"AAPL,ABNB,ADBE,ADI,ADP,ADSK,AEP,ALGN,AMAT,AMD,AMGN,AMZN,ANSS,ASML,ATVI,AVGO,AZN,BIIB,BKNG,BKR,CDNS,CEG,CHTR,CMCSA,COST,CPRT,CRWD,CSCO,CSGP,CSX,CTAS,CTSH,DDOG,DLTR,DXCM,EA,EBAY,ENPH,EXC,FANG,FAST,FISV,FTNT,GFS,GILD,GOOG,GOOGL,HON,IDXX,ILMN,INTC,INTU,ISRG,JD,KDP,KHC,KLAC,LCID,LRCX,LULU,MAR,MCHP,MDLZ,MELI,META,MNST,MRNA,MRVL,MSFT,MU,NFLX,NVDA,NWSA,NXPI,ODFL,ORLY,PANW,PAYX,PCAR,PDD,PEP,PYPL,QCOM,REGN,RIVN,ROST,SBUX,SGEN,SIRI,SNPS,TEAM,TMUS,TSLA,TXN,VRSK,VRTX,WBA,WBD,WDAY,XEL,ZM,ZS",QQQ
2023-06-30,NDX100,104,101,101,ENDP:insufficient(41/252);GEHC:insufficient(121/252);WLTW:insufficient(0/252),True,0.029126213592232997,"AAPL,ABNB,ADBE,ADI,ADP,ADSK,AEP,ALGN,AMAT,AMD,AMGN,AMZN,ANSS,ASML,ATVI,AVGO,AZN,BIIB,BKNG,BKR,CDNS,CEG,CHTR,CMCSA,COST,CPRT,CRWD,CSCO,CSGP,CSX,CTAS,CTSH,DDOG,DLTR,DXCM,EA,EBAY,ENPH,EXC,FANG,FAST,FTNT,GFS,GILD,GOOG,GOOGL,HON,IDXX,ILMN,INTC,INTU,ISRG,JD,KDP,KHC,KLAC,LCID,LRCX,LULU,MAR,MCHP,MDLZ,MELI,META,MNST,MRNA,MRVL,MSFT,MU,NFLX,NVDA,NWSA,NXPI,ODFL,ON,ORLY,PANW,PAYX,PCAR,PDD,PEP,PYPL,QCOM,REGN,ROST,SBUX,SGEN,SIRI,SNPS,TEAM,TMUS,TSLA,TXN,VRSK,VRTX,WBA,WBD,WDAY,XEL,ZM,ZS",QQQ
2023-07-31,NDX100,104,101,101,ENDP:insufficient(21/252);GEHC:insufficient(141/252);WLTW:insufficient(0/252),True,0.019607843137254943,"AAPL,ABNB,ADBE,ADI,ADP,ADSK,AEP,ALGN,AMAT,AMD,AMGN,AMZN,ANSS,ASML,AVGO,AZN,BIIB,BKNG,BKR,CDNS,CEG,CHTR,CMCSA,COST,CPRT,CRWD,CSCO,CSGP,CSX,CTAS,CTSH,DDOG,DLTR,DXCM,EA,EBAY,ENPH,EXC,FANG,FAST,FTNT,GFS,GILD,GOOG,GOOGL,HON,IDXX,ILMN,INTC,INTU,ISRG,JD,KDP,KHC,KLAC,LCID,LRCX,LULU,MAR,MCHP,MDLZ,MELI,META,MNST,MRNA,MRVL,MSFT,MU,NFLX,NVDA,NWSA,NXPI,ODFL,ON,ORLY,PANW,PAYX,PCAR,PDD,PEP,PYPL,QCOM,REGN,ROST,SBUX,SGEN,SIRI,SNPS,TEAM,TMUS,TSLA,TTD,TXN,VRSK,VRTX,WBA,WBD,WDAY,XEL,ZM,ZS",QQQ
2023-08-31,NDX100,104,101,101,ENDP:insufficient(0/252);GEHC:insufficient(164/252);WLTW:insufficient(0/252),True,0.0,"AAPL,ABNB,ADBE,ADI,ADP,ADSK,AEP,ALGN,AMAT,AMD,AMGN,AMZN,ANSS,ASML,AVGO,AZN,BIIB,BKNG,BKR,CDNS,CEG,CHTR,CMCSA,COST,CPRT,CRWD,CSCO,CSGP,CSX,CTAS,CTSH,DDOG,DLTR,DXCM,EA,EBAY,ENPH,EXC,FANG,FAST,FTNT,GFS,GILD,GOOG,GOOGL,HON,IDXX,ILMN,INTC,INTU,ISRG,JD,KDP,KHC,KLAC,LCID,LRCX,LULU,MAR,MCHP,MDLZ,MELI,META,MNST,MRNA,MRVL,MSFT,MU,NFLX,NVDA,NWSA,NXPI,ODFL,ON,ORLY,PANW,PAYX,PCAR,PDD,PEP,PYPL,QCOM,REGN,ROST,SBUX,SGEN,SIRI,SNPS,TEAM,TMUS,TSLA,TTD,TXN,VRSK,VRTX,WBA,WBD,WDAY,XEL,ZM,ZS",QQQ
2023-09-29,NDX100,104,101,101,ENDP:insufficient(0/252);GEHC:insufficient(184/252);WLTW:insufficient(0/252),True,0.0,"AAPL,ABNB,ADBE,ADI,ADP,ADSK,AEP,ALGN,AMAT,AMD,AMGN,AMZN,ANSS,ASML,AVGO,AZN,BIIB,BKNG,BKR,CDNS,CEG,CHTR,CMCSA,COST,CPRT,CRWD,CSCO,CSGP,CSX,CTAS,CTSH,DDOG,DLTR,DXCM,EA,EBAY,ENPH,EXC,FANG,FAST,FTNT,GFS,GILD,GOOG,GOOGL,HON,IDXX,ILMN,INTC,INTU,ISRG,JD,KDP,KHC,KLAC,LCID,LRCX,LULU,MAR,MCHP,MDLZ,MELI,META,MNST,MRNA,MRVL,MSFT,MU,NFLX,NVDA,NWSA,NXPI,ODFL,ON,ORLY,PANW,PAYX,PCAR,PDD,PEP,PYPL,QCOM,REGN,ROST,SBUX,SGEN,SIRI,SNPS,TEAM,TMUS,TSLA,TTD,TXN,VRSK,VRTX,WBA,WBD,WDAY,XEL,ZM,ZS",QQQ
2023-10-31,NDX100,104,102,102,ENDP:insufficient(0/252);WLTW:insufficient(0/252),True,0.009803921568627416,"AAPL,ABNB,ADBE,ADI,ADP,ADSK,AEP,ALGN,AMAT,AMD,AMGN,AMZN,ANSS,ASML,AVGO,AZN,BIIB,BKNG,BKR,CDNS,CEG,CHTR,CMCSA,COST,CPRT,CRWD,CSCO,CSGP,CSX,CTAS,CTSH,DDOG,DLTR,DXCM,EA,EBAY,ENPH,EXC,FANG,FAST,FTNT,GEHC,GFS,GILD,GOOG,GOOGL,HON,IDXX,ILMN,INTC,INTU,ISRG,JD,KDP,KHC,KLAC,LCID,LRCX,LULU,MAR,MCHP,MDLZ,MELI,META,MNST,MRNA,MRVL,MSFT,MU,NFLX,NVDA,NWSA,NXPI,ODFL,ON,ORLY,PANW,PAYX,PCAR,PDD,PEP,PYPL,QCOM,REGN,ROST,SBUX,SGEN,SIRI,SNPS,TEAM,TMUS,TSLA,TTD,TXN,VRSK,VRTX,WBA,WBD,WDAY,XEL,ZM,ZS",QQQ
2023-11-30,NDX100,104,102,102,ENDP:insufficient(0/252);WLTW:insufficient(0/252),True,0.0,"AAPL,ABNB,ADBE,ADI,ADP,ADSK,AEP,ALGN,AMAT,AMD,AMGN,AMZN,ANSS,ASML,AVGO,AZN,BIIB,BKNG,BKR,CDNS,CEG,CHTR,CMCSA,COST,CPRT,CRWD,CSCO,CSGP,CSX,CTAS,CTSH,DDOG,DLTR,DXCM,EA,EBAY,ENPH,EXC,FANG,FAST,FTNT,GEHC,GFS,GILD,GOOG,GOOGL,HON,IDXX,ILMN,INTC,INTU,ISRG,JD,KDP,KHC,KLAC,LCID,LRCX,LULU,MAR,MCHP,MDLZ,MELI,META,MNST,MRNA,MRVL,MSFT,MU,NFLX,NVDA,NWSA,NXPI,ODFL,ON,ORLY,PANW,PAYX,PCAR,PDD,PEP,PYPL,QCOM,REGN,ROST,SBUX,SGEN,SIRI,SNPS,TEAM,TMUS,TSLA,TTD,TXN,VRSK,VRTX,WBA,WBD,WDAY,XEL,ZM,ZS",QQQ
2023-12-29,NDX100,104,100,100,DASH:insufficient(64/252);ENDP:insufficient(0/252);ROP:insufficient(122/252);WLTW:insufficient(0/252),True,0.11214953271028039,"AAPL,ABNB,ADBE,ADI,ADP,ADSK,AEP,AMAT,AMD,AMGN,AMZN,ANSS,ASML,AVGO,AZN,BIIB,BKNG,BKR,CCEP,CDNS,CDW,CEG,CHTR,CMCSA,COST,CPRT,CRWD,CSCO,CSGP,CSX,CTAS,CTSH,DDOG,DLTR,DXCM,EA,EXC,FANG,FAST,FTNT,GEHC,GFS,GILD,GOOG,GOOGL,HON,IDXX,ILMN,INTC,INTU,ISRG,KDP,KHC,KLAC,LRCX,LULU,MAR,MCHP,MDB,MDLZ,MELI,META,MNST,MRNA,MRVL,MSFT,MU,NFLX,NVDA,NWSA,NXPI,ODFL,ON,ORLY,PANW,PAYX,PCAR,PDD,PEP,PYPL,QCOM,REGN,ROST,SBUX,SIRI,SNPS,SPLK,TEAM,TMUS,TSLA,TTD,TTWO,TXN,VRSK,VRTX,WBA,WBD,WDAY,XEL,ZS",QQQ
2024-01-31,NDX100,104,100,100,DASH:insufficient(85/252);ENDP:insufficient(0/252);ROP:insufficient(143/252);WLTW:insufficient(0/252),True,0.0,"AAPL,ABNB,ADBE,ADI,ADP,ADSK,AEP,AMAT,AMD,AMGN,AMZN,ANSS,ASML,AVGO,AZN,BIIB,BKNG,BKR,CCEP,CDNS,CDW,CEG,CHTR,CMCSA,COST,CPRT,CRWD,CSCO,CSGP,CSX,CTAS,CTSH,DDOG,DLTR,DXCM,EA,EXC,FANG,FAST,FTNT,GEHC,GFS,GILD,GOOG,GOOGL,HON,IDXX,ILMN,INTC,INTU,ISRG,KDP,KHC,KLAC,LRCX,LULU,MAR,MCHP,MDB,MDLZ,MELI,META,MNST,MRNA,MRVL,MSFT,MU,NFLX,NVDA,NWSA,NXPI,ODFL,ON,ORLY,PANW,PAYX,PCAR,PDD,PEP,PYPL,QCOM,REGN,ROST,SBUX,SIRI,SNPS,SPLK,TEAM,TMUS,TSLA,TTD,TTWO,TXN,VRSK,VRTX,WBA,WBD,WDAY,XEL,ZS",QQQ
2024-02-29,NDX100,104,100,100,DASH:insufficient(105/252);ENDP:insufficient(0/252);ROP:insufficient(163/252);WLTW:insufficient(0/252),True,0.0,"AAPL,ABNB,ADBE,ADI,ADP,ADSK,AEP,AMAT,AMD,AMGN,AMZN,ANSS,ASML,AVGO,AZN,BIIB,BKNG,BKR,CCEP,CDNS,CDW,CEG,CHTR,CMCSA,COST,CPRT,CRWD,CSCO,CSGP,CSX,CTAS,CTSH,DDOG,DLTR,DXCM,EA,EXC,FANG,FAST,FTNT,GEHC,GFS,GILD,GOOG,GOOGL,HON,IDXX,ILMN,INTC,INTU,ISRG,KDP,KHC,KLAC,LRCX,LULU,MAR,MCHP,MDB,MDLZ,MELI,META,MNST,MRNA,MRVL,MSFT,MU,NFLX,NVDA,NWSA,NXPI,ODFL,ON,ORLY,PANW,PAYX,PCAR,PDD,PEP,PYPL,QCOM,REGN,ROST,SBUX,SIRI,SNPS,SPLK,TEAM,TMUS,TSLA,TTD,TTWO,TXN,VRSK,VRTX,WBA,WBD,WDAY,XEL,ZS",QQQ
2024-03-28,NDX100,104,100,100,DASH:insufficient(125/252);ENDP:insufficient(0/252);ROP:insufficient(183/252);WLTW:insufficient(0/252),True,0.01980198019801982,"AAPL,ABNB,ADBE,ADI,ADP,ADSK,AEP,AMAT,AMD,AMGN,AMZN,ANSS,ASML,AVGO,AZN,BIIB,BKNG,BKR,CCEP,CDNS,CDW,CEG,CHTR,CMCSA,COST,CPRT,CRWD,CSCO,CSGP,CSX,CTAS,CTSH,DDOG,DLTR,DXCM,EA,EXC,FANG,FAST,FTNT,GEHC,GFS,GILD,GOOG,GOOGL,HON,IDXX,ILMN,INTC,INTU,ISRG,KDP,KHC,KLAC,LIN,LRCX,LULU,MAR,MCHP,MDB,MDLZ,MELI,META,MNST,MRNA,MRVL,MSFT,MU,NFLX,NVDA,NWSA,NXPI,ODFL,ON,ORLY,PANW,PAYX,PCAR,PDD,PEP,PYPL,QCOM,REGN,ROST,SBUX,SIRI,SNPS,TEAM,TMUS,TSLA,TTD,TTWO,TXN,VRSK,VRTX,WBA,WBD,WDAY,XEL,ZS",QQQ
2024-04-30,NDX100,104,101,101,DASH:insufficient(147/252);ENDP:insufficient(0/252);WLTW:insufficient(0/252),True,0.00990099009900991,"AAPL,ABNB,ADBE,ADI,ADP,ADSK,AEP,AMAT,AMD,AMGN,AMZN,ANSS,ASML,AVGO,AZN,BIIB,BKNG,BKR,CCEP,CDNS,CDW,CEG,CHTR,CMCSA,COST,CPRT,CRWD,CSCO,CSGP,CSX,CTAS,CTSH,DDOG,DLTR,DXCM,EA,EXC,FANG,FAST,FTNT,GEHC,GFS,GILD,GOOG,GOOGL,HON,IDXX,ILMN,INTC,INTU,ISRG,KDP,KHC,KLAC,LIN,LRCX,LULU,MAR,MCHP,MDB,MDLZ,MELI,META,MNST,MRNA,MRVL,MSFT,MU,NFLX,NVDA,NWSA,NXPI,ODFL,ON,ORLY,PANW,PAYX,PCAR,PDD,PEP,PYPL,QCOM,REGN,ROP,ROST,SBUX,SIRI,SNPS,TEAM,TMUS,TSLA,TTD,TTWO,TXN,VRSK,VRTX,WBA,WBD,WDAY,XEL,ZS",QQQ
2024-05-31,NDX100,104,101,101,DASH:insufficient(169/252);ENDP:insufficient(0/252);WLTW:insufficient(0/252),True,0.0,"AAPL,ABNB,ADBE,ADI,ADP,ADSK,AEP,AMAT,AMD,AMGN,AMZN,ANSS,ASML,AVGO,AZN,BIIB,BKNG,BKR,CCEP,CDNS,CDW,CEG,CHTR,CMCSA,COST,CPRT,CRWD,CSCO,CSGP,CSX,CTAS,CTSH,DDOG,DLTR,DXCM,EA,EXC,FANG,FAST,FTNT,GEHC,GFS,GILD,GOOG,GOOGL,HON,IDXX,ILMN,INTC,INTU,ISRG,KDP,KHC,KLAC,LIN,LRCX,LULU,MAR,MCHP,MDB,MDLZ,MELI,META,MNST,MRNA,MRVL,MSFT,MU,NFLX,NVDA,NWSA,NXPI,ODFL,ON,ORLY,PANW,PAYX,PCAR,PDD,PEP,PYPL,QCOM,REGN,ROP,ROST,SBUX,SIRI,SNPS,TEAM,TMUS,TSLA,TTD,TTWO,TXN,VRSK,VRTX,WBA,WBD,WDAY,XEL,ZS",QQQ
2024-06-28,NDX100,104,100,100,ARM:insufficient(197/252);DASH:insufficient(188/252);ENDP:insufficient(0/252);WLTW:insufficient(0/252),True,0.00990099009900991,"AAPL,ABNB,ADBE,ADI,ADP,ADSK,AEP,AMAT,AMD,AMGN,AMZN,ANSS,ASML,AVGO,AZN,BIIB,BKNG,BKR,CCEP,CDNS,CDW,CEG,CHTR,CMCSA,COST,CPRT,CRWD,CSCO,CSGP,CSX,CTAS,CTSH,DDOG,DLTR,DXCM,EA,EXC,FANG,FAST,FTNT,GEHC,GFS,GILD,GOOG,GOOGL,HON,IDXX,ILMN,INTC,INTU,ISRG,KDP,KHC,KLAC,LIN,LRCX,LULU,MAR,MCHP,MDB,MDLZ,MELI,META,MNST,MRNA,MRVL,MSFT,MU,NFLX,NVDA,NWSA,NXPI,ODFL,ON,ORLY,PANW,PAYX,PCAR,PDD,PEP,PYPL,QCOM,REGN,ROP,ROST,SBUX,SNPS,TEAM,TMUS,TSLA,TTD,TTWO,TXN,VRSK,VRTX,WBA,WBD,WDAY,XEL,ZS",QQQ
2024-07-31,NDX100,104,102,102,ENDP:insufficient(0/252);WLTW:insufficient(0/252),True,0.03883495145631066,"AAPL,ABNB,ADBE,ADI,ADP,ADSK,AEP,AMAT,AMD,AMGN,AMZN,ANSS,ARM,ASML,AVGO,AZN,BIIB,BKNG,BKR,CCEP,CDNS,CDW,CEG,CHTR,CMCSA,COST,CPRT,CRWD,CSCO,CSGP,CSX,CTAS,CTSH,DASH,DDOG,DLTR,DXCM,EA,EXC,FANG,FAST,FTNT,GEHC,GFS,GILD,GOOG,GOOGL,HON,IDXX,ILMN,INTC,INTU,ISRG,KDP,KHC,KLAC,LIN,LRCX,LULU,MAR,MCHP,MDB,MDLZ,MELI,META,MNST,MRNA,MRVL,MSFT,MU,NFLX,NVDA,NWSA,NXPI,ODFL,ON,ORLY,PANW,PAYX,PCAR,PDD,PEP,PYPL,QCOM,REGN,ROP,ROST,SBUX,SMCI,SNPS,TEAM,TMUS,TSLA,TTD,TTWO,TXN,VRSK,VRTX,WBD,WDAY,XEL,ZS",QQQ
2024-08-30,NDX100,104,102,102,ENDP:insufficient(0/252);WLTW:insufficient(0/252),True,0.0,"AAPL,ABNB,ADBE,ADI,ADP,ADSK,AEP,AMAT,AMD,AMGN,AMZN,ANSS,ARM,ASML,AVGO,AZN,BIIB,BKNG,BKR,CCEP,CDNS,CDW,CEG,CHTR,CMCSA,COST,CPRT,CRWD,CSCO,CSGP,CSX,CTAS,CTSH,DASH,DDOG,DLTR,DXCM,EA,EXC,FANG,FAST,FTNT,GEHC,GFS,GILD,GOOG,GOOGL,HON,IDXX,ILMN,INTC,INTU,ISRG,KDP,KHC,KLAC,LIN,LRCX,LULU,MAR,MCHP,MDB,MDLZ,MELI,META,MNST,MRNA,MRVL,MSFT,MU,NFLX,NVDA,NWSA,NXPI,ODFL,ON,ORLY,PANW,PAYX,PCAR,PDD,PEP,PYPL,QCOM,REGN,ROP,ROST,SBUX,SMCI,SNPS,TEAM,TMUS,TSLA,TTD,TTWO,TXN,VRSK,VRTX,WBD,WDAY,XEL,ZS",QQQ
2024-09-30,NDX100,104,102,102,ENDP:insufficient(0/252);WLTW:insufficient(0/252),True,0.0,"AAPL,ABNB,ADBE,ADI,ADP,ADSK,AEP,AMAT,AMD,AMGN,AMZN,ANSS,ARM,ASML,AVGO,AZN,BIIB,BKNG,BKR,CCEP,CDNS,CDW,CEG,CHTR,CMCSA,COST,CPRT,CRWD,CSCO,CSGP,CSX,CTAS,CTSH,DASH,DDOG,DLTR,DXCM,EA,EXC,FANG,FAST,FTNT,GEHC,GFS,GILD,GOOG,GOOGL,HON,IDXX,ILMN,INTC,INTU,ISRG,KDP,KHC,KLAC,LIN,LRCX,LULU,MAR,MCHP,MDB,MDLZ,MELI,META,MNST,MRNA,MRVL,MSFT,MU,NFLX,NVDA,NWSA,NXPI,ODFL,ON,ORLY,PANW,PAYX,PCAR,PDD,PEP,PYPL,QCOM,REGN,ROP,ROST,SBUX,SMCI,SNPS,TEAM,TMUS,TSLA,TTD,TTWO,TXN,VRSK,VRTX,WBD,WDAY,XEL,ZS",QQQ
2024-10-31,NDX100,104,102,102,ENDP:insufficient(0/252);WLTW:insufficient(0/252),True,0.0,"AAPL,ABNB,ADBE,ADI,ADP,ADSK,AEP,AMAT,AMD,AMGN,AMZN,ANSS,ARM,ASML,AVGO,AZN,BIIB,BKNG,BKR,CCEP,CDNS,CDW,CEG,CHTR,CMCSA,COST,CPRT,CRWD,CSCO,CSGP,CSX,CTAS,CTSH,DASH,DDOG,DLTR,DXCM,EA,EXC,FANG,FAST,FTNT,GEHC,GFS,GILD,GOOG,GOOGL,HON,IDXX,ILMN,INTC,INTU,ISRG,KDP,KHC,KLAC,LIN,LRCX,LULU,MAR,MCHP,MDB,MDLZ,MELI,META,MNST,MRNA,MRVL,MSFT,MU,NFLX,NVDA,NWSA,NXPI,ODFL,ON,ORLY,PANW,PAYX,PCAR,PDD,PEP,PYPL,QCOM,REGN,ROP,ROST,SBUX,SMCI,SNPS,TEAM,TMUS,TSLA,TTD,TTWO,TXN,VRSK,VRTX,WBD,WDAY,XEL,ZS",QQQ
2024-11-29,NDX100,104,102,102,ENDP:insufficient(0/252);WLTW:insufficient(0/252),True,0.01941747572815533,"AAPL,ABNB,ADBE,ADI,ADP,ADSK,AEP,AMAT,AMD,AMGN,AMZN,ANSS,APP,ARM,ASML,AVGO,AZN,BIIB,BKNG,BKR,CCEP,CDNS,CDW,CEG,CHTR,CMCSA,COST,CPRT,CRWD,CSCO,CSGP,CSX,CTAS,CTSH,DASH,DDOG,DXCM,EA,EXC,FANG,FAST,FTNT,GEHC,GFS,GILD,GOOG,GOOGL,HON,IDXX,ILMN,INTC,INTU,ISRG,KDP,KHC,KLAC,LIN,LRCX,LULU,MAR,MCHP,MDB,MDLZ,MELI,META,MNST,MRNA,MRVL,MSFT,MU,NFLX,NVDA,NWSA,NXPI,ODFL,ON,ORLY,PANW,PAYX,PCAR,PDD,PEP,PYPL,QCOM,REGN,ROP,ROST,SBUX,SMCI,SNPS,TEAM,TMUS,TSLA,TTD,TTWO,TXN,VRSK,VRTX,WBD,WDAY,XEL,ZS",QQQ
2024-12-31,NDX100,104,102,102,ENDP:insufficient(0/252);WLTW:insufficient(0/252),True,0.05714285714285716,"AAPL,ABNB,ADBE,ADI,ADP,ADSK,AEP,AMAT,AMD,AMGN,AMZN,ANSS,APP,ARM,ASML,AVGO,AXON,AZN,BIIB,BKNG,BKR,CCEP,CDNS,CDW,CEG,CHTR,CMCSA,COST,CPRT,CRWD,CSCO,CSGP,CSX,CTAS,CTSH,DASH,DDOG,DXCM,EA,EXC,FANG,FAST,FTNT,GEHC,GFS,GILD,GOOG,GOOGL,HON,IDXX,INTC,INTU,ISRG,KDP,KHC,KLAC,LIN,LRCX,LULU,MAR,MCHP,MDB,MDLZ,MELI,META,MNST,MRVL,MSFT,MSTR,MU,NFLX,NVDA,NWSA,NXPI,ODFL,ON,ORLY,PANW,PAYX,PCAR,PDD,PEP,PLTR,PYPL,QCOM,REGN,ROP,ROST,SBUX,SNPS,TEAM,TMUS,TSLA,TTD,TTWO,TXN,VRSK,VRTX,WBD,WDAY,XEL,ZS",QQQ
